{
  "Working Directory" : "\/Users\/aaronparisi",
  "Prompt Before Closing 2" : false,
  "Selected Text Color" : {
    "Green Component" : 0.56244754791259766,
    "Red Component" : 0.47797361016273499,
    "Blue Component" : 0.55732053518295288
  },
  "Rows" : 25,
  "Ansi 11 Color" : {
    "Green Component" : 0.49430075287818909,
    "Red Component" : 0.69710838794708252,
    "Blue Component" : 0.1584954559803009
  },
  "Use Italic Font" : true,
  "Foreground Color" : {
    "Green Component" : 0.75921261310577393,
    "Red Component" : 0.61000990867614746,
    "Blue Component" : 0.7630731463432312
  },
  "Right Option Key Sends" : 0,
  "Character Encoding" : 4,
  "Selection Color" : {
    "Green Component" : 0.21576285362243652,
    "Red Component" : 0,
    "Blue Component" : 0.28167051076889038
  },
  "Blend" : 0.050000000000000003,
  "Mouse Reporting" : true,
  "Cursor Boost" : 0.10054687499999999,
  "Ansi 4 Color" : {
    "Green Component" : 0.46265947818756104,
    "Red Component" : 0.12754884362220764,
    "Blue Component" : 0.78231418132781982
  },
  "Non-ASCII Anti Aliased" : true,
  "Sync Title" : false,
  "Disable Window Resizing" : true,
  "Description" : "Default",
  "Close Sessions On End" : true,
  "Jobs to Ignore" : [
    "rlogin",
    "ssh",
    "slogin",
    "telnet"
  ],
  "Scrollback Lines" : 1000,
  "Draw Powerline Glyphs" : true,
  "Brighten Bold Text" : false,
  "Flashing Bell" : false,
  "Cursor Guide Color" : {
    "Red Component" : 0.70214027166366577,
    "Color Space" : "sRGB",
    "Blue Component" : 1,
    "Alpha Component" : 0.25,
    "Green Component" : 0.92681378126144409
  },
  "BM Growl" : true,
  "Ansi 3 Color" : {
    "Green Component" : 0.46751424670219421,
    "Red Component" : 0.64746475219726562,
    "Blue Component" : 0.023484811186790466
  },
  "Use Non-ASCII Font" : true,
  "Link Color" : {
    "Red Component" : 0,
    "Color Space" : "sRGB",
    "Blue Component" : 0.73422712087631226,
    "Alpha Component" : 1,
    "Green Component" : 0.35915297269821167
  },
  "Shortcut" : "",
  "Background Image Location" : "",
  "Bold Color" : {
    "Green Component" : 0.83450067043304443,
    "Red Component" : 0.70913255214691162,
    "Blue Component" : 0.82687115669250488
  },
  "Use Cursor Guide" : false,
  "Unlimited Scrollback" : false,
  "Custom Command" : "No",
  "Keyboard Map" : {
    "0xf700-0x260000" : {
      "Text" : "[1;6A",
      "Action" : 10
    },
    "0x37-0x40000" : {
      "Text" : "0x1f",
      "Action" : 11
    },
    "0x32-0x40000" : {
      "Text" : "0x00",
      "Action" : 11
    },
    "0xf709-0x20000" : {
      "Text" : "[17;2~",
      "Action" : 10
    },
    "0xf70c-0x20000" : {
      "Text" : "[20;2~",
      "Action" : 10
    },
    "0xf729-0x20000" : {
      "Text" : "[1;2H",
      "Action" : 10
    },
    "0xf72b-0x40000" : {
      "Text" : "[1;5F",
      "Action" : 10
    },
    "0xf705-0x20000" : {
      "Text" : "[1;2Q",
      "Action" : 10
    },
    "0xf703-0x260000" : {
      "Text" : "[1;6C",
      "Action" : 10
    },
    "0xf700-0x220000" : {
      "Text" : "[1;2A",
      "Action" : 10
    },
    "0xf701-0x280000" : {
      "Text" : "0x1b 0x1b 0x5b 0x42",
      "Action" : 11
    },
    "0x38-0x40000" : {
      "Text" : "0x7f",
      "Action" : 11
    },
    "0x33-0x40000" : {
      "Text" : "0x1b",
      "Action" : 11
    },
    "0xf703-0x220000" : {
      "Text" : "[1;2C",
      "Action" : 10
    },
    "0xf701-0x240000" : {
      "Text" : "[1;5B",
      "Action" : 10
    },
    "0xf70d-0x20000" : {
      "Text" : "[21;2~",
      "Action" : 10
    },
    "0xf702-0x260000" : {
      "Text" : "[1;6D",
      "Action" : 10
    },
    "0xf729-0x40000" : {
      "Text" : "[1;5H",
      "Action" : 10
    },
    "0xf706-0x20000" : {
      "Text" : "[1;2R",
      "Action" : 10
    },
    "0x34-0x40000" : {
      "Text" : "0x1c",
      "Action" : 11
    },
    "0xf700-0x280000" : {
      "Text" : "0x1b 0x1b 0x5b 0x41",
      "Action" : 11
    },
    "0x2d-0x40000" : {
      "Text" : "0x1f",
      "Action" : 11
    },
    "0xf70e-0x20000" : {
      "Text" : "[23;2~",
      "Action" : 10
    },
    "0xf702-0x220000" : {
      "Text" : "[1;2D",
      "Action" : 10
    },
    "0xf703-0x280000" : {
      "Text" : "0x1b 0x1b 0x5b 0x43",
      "Action" : 11
    },
    "0xf700-0x240000" : {
      "Text" : "[1;5A",
      "Action" : 10
    },
    "0xf707-0x20000" : {
      "Text" : "[1;2S",
      "Action" : 10
    },
    "0xf70a-0x20000" : {
      "Text" : "[18;2~",
      "Action" : 10
    },
    "0x35-0x40000" : {
      "Text" : "0x1d",
      "Action" : 11
    },
    "0xf70f-0x20000" : {
      "Text" : "[24;2~",
      "Action" : 10
    },
    "0xf703-0x240000" : {
      "Text" : "[1;5C",
      "Action" : 10
    },
    "0xf701-0x260000" : {
      "Text" : "[1;6B",
      "Action" : 10
    },
    "0xf702-0x280000" : {
      "Text" : "0x1b 0x1b 0x5b 0x44",
      "Action" : 11
    },
    "0xf72b-0x20000" : {
      "Text" : "[1;2F",
      "Action" : 10
    },
    "0x36-0x40000" : {
      "Text" : "0x1e",
      "Action" : 11
    },
    "0xf708-0x20000" : {
      "Text" : "[15;2~",
      "Action" : 10
    },
    "0xf701-0x220000" : {
      "Text" : "[1;2B",
      "Action" : 10
    },
    "0xf70b-0x20000" : {
      "Text" : "[19;2~",
      "Action" : 10
    },
    "0xf702-0x240000" : {
      "Text" : "[1;5D",
      "Action" : 10
    },
    "0xf704-0x20000" : {
      "Text" : "[1;2P",
      "Action" : 10
    }
  },
  "Ansi 14 Color" : {
    "Green Component" : 0.70167088508605957,
    "Red Component" : 0,
    "Blue Component" : 0.62018769979476929
  },
  "Ansi 2 Color" : {
    "Red Component" : 0.66666666666666663,
    "Color Space" : "sRGB",
    "Blue Component" : 0.80392156862745101,
    "Alpha Component" : 1,
    "Green Component" : 0.80000000000000004
  },
  "Send Code When Idle" : false,
  "ASCII Anti Aliased" : true,
  "Tags" : [

  ],
  "Ansi 9 Color" : {
    "Red Component" : 0.66666666666666663,
    "Color Space" : "sRGB",
    "Blue Component" : 0.80392156862745101,
    "Alpha Component" : 1,
    "Green Component" : 0.80000000000000004
  },
  "Use Bold Font" : true,
  "Silence Bell" : true,
  "Ansi 12 Color" : {
    "Green Component" : 0.55553519725799561,
    "Red Component" : 0.091996639966964722,
    "Blue Component" : 0.78393226861953735
  },
  "Window Type" : 0,
  "Use Bright Bold" : false,
  "Has Hotkey" : false,
  "Cursor Text Color" : {
    "Red Component" : 0,
    "Color Space" : "sRGB",
    "Blue Component" : 0.20000000000000001,
    "Alpha Component" : 1,
    "Green Component" : 0.15686274509803921
  },
  "Default Bookmark" : "No",
  "Cursor Color" : {
    "Green Component" : 0.29334646463394165,
    "Red Component" : 0.95475113391876221,
    "Blue Component" : 0
  },
  "Ansi 1 Color" : {
    "Red Component" : 0.66666666666666663,
    "Color Space" : "sRGB",
    "Blue Component" : 0.80392156862745101,
    "Alpha Component" : 1,
    "Green Component" : 0.80000000000000004
  },
  "Name" : "solarized",
  "Blinking Cursor" : true,
  "Guid" : "46CFB32C-1CB7-45E6-B269-51BB26FAE13B",
  "Idle Code" : 0,
  "Ansi 10 Color" : {
    "Red Component" : 0.66666666666666663,
    "Color Space" : "sRGB",
    "Blue Component" : 0.80392156862745101,
    "Alpha Component" : 1,
    "Green Component" : 0.80000000000000004
  },
  "Ansi 8 Color" : {
    "Red Component" : 0.48395073123094512,
    "Color Space" : "sRGB",
    "Blue Component" : 0.583587646484375,
    "Alpha Component" : 1,
    "Green Component" : 0.5807408774771341
  },
  "Badge Color" : {
    "Red Component" : 1,
    "Color Space" : "sRGB",
    "Blue Component" : 0,
    "Alpha Component" : 0.5,
    "Green Component" : 0.14910027384757996
  },
  "Ambiguous Double Width" : false,
  "Blur Radius" : 21.731042220744683,
  "Ansi 0 Color" : {
    "Red Component" : 0,
    "Color Space" : "sRGB",
    "Blue Component" : 0.20000000000000001,
    "Alpha Component" : 1,
    "Green Component" : 0.15686274509803921
  },
  "Blur" : true,